{"cameraMode":{"drawMode":0,"name":"Shaded","section":"Shading Mode"},"sceneLighting":false,"audioPlay":false,"sceneViewState":{"showFog":true,"showMaterialUpdate":false,"showSkybox":false,"showFlares":true,"showImageEffects":true,"showParticleSystems":true},"in2DMode":false,"pivot":{"x":6.18513298034668,"y":5.545843601226807,"z":0.15867900848388673},"rotation":{"x":-0.04246363043785095,"y":-0.8549385070800781,"z":0.07085622102022171,"w":-0.5121995210647583},"size":6.756502628326416,"orthographic":false}