{"cameraMode":{"drawMode":0,"name":"Shaded","section":"Shading Mode"},"sceneLighting":true,"audioPlay":false,"sceneViewState":{"showFog":true,"showMaterialUpdate":false,"showSkybox":true,"showFlares":true,"showImageEffects":true,"showParticleSystems":true},"in2DMode":false,"pivot":{"x":2.436554193496704,"y":-12.272214889526368,"z":40.75176239013672},"rotation":{"x":-0.15307128429412843,"y":-0.039117638021707538,"z":0.006279638968408108,"w":-0.9877594709396362},"size":31.652082443237306,"orthographic":false}